-- Start transaction
BEGIN;


INSERT INTO auth.users (
    instance_id,
    id,
    aud,
    role,
    email,
    encrypted_password,
    email_confirmed_at,
    confirmation_token,
    confirmation_sent_at,
    recovery_token,
    recovery_sent_at,
    email_change_token_new,
    email_change,
    email_change_sent_at,
    last_sign_in_at,
    raw_app_meta_data,
    raw_user_meta_data,
    created_at,
    updated_at
) VALUES (
    '00000000-0000-0000-0000-000000000000',
    'a96ea053-60dd-4c85-a099-a403b3533f55',
    'authenticated',
    'authenticated',
    'admin@kater.jp',
    crypt('password123', gen_salt('bf')),
    current_timestamp,
    '',
    current_timestamp,
    '',
    current_timestamp,
    '',
    '',
    current_timestamp,
    current_timestamp,
    '{"provider":"email","providers":["email"],"role":"admin"}'::jsonb,
    '{}'::jsonb,
    current_timestamp,
    current_timestamp
);

-- Import test users
INSERT INTO auth.users (
    instance_id,
    id,
    aud,
    role,
    email,
    encrypted_password,
    email_confirmed_at,
    confirmation_token,
    confirmation_sent_at,
    recovery_token,
    recovery_sent_at,
    email_change_token_new,
    email_change,
    email_change_sent_at,
    last_sign_in_at,
    raw_app_meta_data,
    raw_user_meta_data,
    created_at,
    updated_at
) VALUES
('00000000-0000-0000-0000-000000000000', '770e8400-e29b-41d4-a716-446655440000', 'authenticated', 'authenticated', 'admin@example.com', crypt('password123', gen_salt('bf')), current_timestamp, '', current_timestamp, '', current_timestamp, '', '', current_timestamp, current_timestamp, '{"provider":"email","providers":["email"],"role":"admin"}'::jsonb, '{}'::jsonb, current_timestamp, current_timestamp),
('00000000-0000-0000-0000-000000000000', '770e8400-e29b-41d4-a716-446655440001', 'authenticated', 'authenticated', 'instructor1@example.com', crypt('password123', gen_salt('bf')), current_timestamp, '', current_timestamp, '', current_timestamp, '', '', current_timestamp, current_timestamp, '{"provider":"email","providers":["email"],"role":"instructor"}'::jsonb, '{}'::jsonb, current_timestamp, current_timestamp),
('00000000-0000-0000-0000-000000000000', '770e8400-e29b-41d4-a716-446655440002', 'authenticated', 'authenticated', 'instructor2@example.com', crypt('password123', gen_salt('bf')), current_timestamp, '', current_timestamp, '', current_timestamp, '', '', current_timestamp, current_timestamp, '{"provider":"email","providers":["email"],"role":"instructor"}'::jsonb, '{}'::jsonb, current_timestamp, current_timestamp),
('00000000-0000-0000-0000-000000000000', '770e8400-e29b-41d4-a716-446655440021', 'authenticated', 'authenticated', 'instructor3@example.com', crypt('password123', gen_salt('bf')), current_timestamp, '', current_timestamp, '', current_timestamp, '', '', current_timestamp, current_timestamp, '{"provider":"email","providers":["email"],"role":"instructor"}'::jsonb, '{}'::jsonb, current_timestamp, current_timestamp),
('00000000-0000-0000-0000-000000000000', '770e8400-e29b-41d4-a716-446655440022', 'authenticated', 'authenticated', 'instructor4@example.com', crypt('password123', gen_salt('bf')), current_timestamp, '', current_timestamp, '', current_timestamp, '', '', current_timestamp, current_timestamp, '{"provider":"email","providers":["email"],"role":"instructor"}'::jsonb, '{}'::jsonb, current_timestamp, current_timestamp),
('00000000-0000-0000-0000-000000000000', '770e8400-e29b-41d4-a716-446655440003', 'authenticated', 'authenticated', 'student1@example.com', crypt('password123', gen_salt('bf')), current_timestamp, '', current_timestamp, '', current_timestamp, '', '', current_timestamp, current_timestamp, '{"provider":"email","providers":["email"],"role":"student"}'::jsonb, '{}'::jsonb, current_timestamp, current_timestamp),
('00000000-0000-0000-0000-000000000000', '770e8400-e29b-41d4-a716-446655440004', 'authenticated', 'authenticated', 'student2@example.com', crypt('password123', gen_salt('bf')), current_timestamp, '', current_timestamp, '', current_timestamp, '', '', current_timestamp, current_timestamp, '{"provider":"email","providers":["email"],"role":"student"}'::jsonb, '{}'::jsonb, current_timestamp, current_timestamp),
('00000000-0000-0000-0000-000000000000', '770e8400-e29b-41d4-a716-446655440005', 'authenticated', 'authenticated', 'student3@example.com', crypt('password123', gen_salt('bf')), current_timestamp, '', current_timestamp, '', current_timestamp, '', '', current_timestamp, current_timestamp, '{"provider":"email","providers":["email"],"role":"student"}'::jsonb, '{}'::jsonb, current_timestamp, current_timestamp),
('00000000-0000-0000-0000-000000000000', '770e8400-e29b-41d4-a716-446655440006', 'authenticated', 'authenticated', 'student4@example.com', crypt('password123', gen_salt('bf')), current_timestamp, '', current_timestamp, '', current_timestamp, '', '', current_timestamp, current_timestamp, '{"provider":"email","providers":["email"],"role":"student"}'::jsonb, '{}'::jsonb, current_timestamp, current_timestamp),
('00000000-0000-0000-0000-000000000000', '770e8400-e29b-41d4-a716-446655440007', 'authenticated', 'authenticated', 'student5@example.com', crypt('password123', gen_salt('bf')), current_timestamp, '', current_timestamp, '', current_timestamp, '', '', current_timestamp, current_timestamp, '{"provider":"email","providers":["email"],"role":"student"}'::jsonb, '{}'::jsonb, current_timestamp, current_timestamp),
('00000000-0000-0000-0000-000000000000', '770e8400-e29b-41d4-a716-446655440008', 'authenticated', 'authenticated', 'student6@example.com', crypt('password123', gen_salt('bf')), current_timestamp, '', current_timestamp, '', current_timestamp, '', '', current_timestamp, current_timestamp, '{"provider":"email","providers":["email"],"role":"student"}'::jsonb, '{}'::jsonb, current_timestamp, current_timestamp),
('00000000-0000-0000-0000-000000000000', '770e8400-e29b-41d4-a716-446655440009', 'authenticated', 'authenticated', 'student7@example.com', crypt('password123', gen_salt('bf')), current_timestamp, '', current_timestamp, '', current_timestamp, '', '', current_timestamp, current_timestamp, '{"provider":"email","providers":["email"],"role":"student"}'::jsonb, '{}'::jsonb, current_timestamp, current_timestamp),
('00000000-0000-0000-0000-000000000000', '770e8400-e29b-41d4-a716-446655440010', 'authenticated', 'authenticated', 'student8@example.com', crypt('password123', gen_salt('bf')), current_timestamp, '', current_timestamp, '', current_timestamp, '', '', current_timestamp, current_timestamp, '{"provider":"email","providers":["email"],"role":"student"}'::jsonb, '{}'::jsonb, current_timestamp, current_timestamp);

-- Import profiles
INSERT INTO profiles (id, user_id, first_name, last_name, phone, emergency_contact) VALUES
('880e8400-e29b-41d4-a716-446655440000', '770e8400-e29b-41d4-a716-446655440000', '管理者', '太郎', '090-1111-1111', '090-1111-1112'),
('880e8400-e29b-41d4-a716-446655440001', '770e8400-e29b-41d4-a716-446655440001', '山田', '一郎', '090-2222-2221', '090-2222-2222'),
('880e8400-e29b-41d4-a716-446655440002', '770e8400-e29b-41d4-a716-446655440002', '鈴木', '二郎', '090-3333-3331', '090-3333-3332'),
('880e8400-e29b-41d4-a716-446655440021', '770e8400-e29b-41d4-a716-446655440021', '中村', '優子', '090-2222-3331', '090-2222-3332'),
('880e8400-e29b-41d4-a716-446655440022', '770e8400-e29b-41d4-a716-446655440022', '小林', '健一', '090-3333-4441', '090-3333-4442'),
('880e8400-e29b-41d4-a716-446655440003', '770e8400-e29b-41d4-a716-446655440003', '佐藤', '花子', '090-4444-4441', '090-4444-4442'),
('880e8400-e29b-41d4-a716-446655440004', '770e8400-e29b-41d4-a716-446655440004', '田中', '幸子', '090-5555-5551', '090-5555-5552'),
('880e8400-e29b-41d4-a716-446655440005', '770e8400-e29b-41d4-a716-446655440005', '高橋', '三郎', '090-6666-6661', '090-6666-6662'),
('880e8400-e29b-41d4-a716-446655440006', '770e8400-e29b-41d4-a716-446655440006', '渡辺', '美咲', '090-7777-7771', '090-7777-7772'),
('880e8400-e29b-41d4-a716-446655440007', '770e8400-e29b-41d4-a716-446655440007', '伊藤', '健太', '090-8888-8881', '090-8888-8882'),
('880e8400-e29b-41d4-a716-446655440008', '770e8400-e29b-41d4-a716-446655440008', '加藤', '裕子', '090-9999-9991', '090-9999-9992'),
('880e8400-e29b-41d4-a716-446655440009', '770e8400-e29b-41d4-a716-446655440009', '山本', '大輔', '090-1234-5671', '090-1234-5672'),
('880e8400-e29b-41d4-a716-446655440010', '770e8400-e29b-41d4-a716-446655440010', '吉田', '真由美', '090-2345-6781', '090-2345-6782');

-- Import lessons
INSERT INTO lessons (id, name, description, duration, max_participants) VALUES
('660e8400-e29b-41d4-a716-446655440000', 'Lv.0 始めてのスキー', 'スキーの履き方、歩き方から始めるスキーを全くやったことがない方向けのレッスンです。ボーゲンのスピードコントロールと、リフトに乗ってボーゲンで降りてくることを目指します。', 120, 6),
('660e8400-e29b-41d4-a716-446655440001', 'Lv.1 始めてのターン', 'スキーの基本姿勢から始める初心者向けレッスンです。プルークボーゲンまでを目指します。', 120, 6),
('660e8400-e29b-41d4-a716-446655440002', 'Lv.2 初級パラレルターン', 'プルークボーゲンからパラレルターンへの導入を目指すレッスンです。', 120, 6),
('660e8400-e29b-41d4-a716-446655440003', 'Lv.3 パラレルターン基礎', 'パラレルターンの技術をベースにカービングターンの基礎を学びます。', 120, 4),
('660e8400-e29b-41d4-a716-446655440004', 'Lv.4 スピードコントロール', '様々な斜面でのスピードコントロール技術を習得します。', 120, 4),
('660e8400-e29b-41d4-a716-446655440005', 'Lv.5 不整地レッスン', '不整地やコブ斜面での滑走技術を習得します。', 120, 3),
('660e8400-e29b-41d4-a716-446655440006', 'フリーライディング', 'バックカントリーやパウダースノーでの滑走技術を学びます。', 180, 3);

-- Import lesson schedules (2月の予定を追加)
INSERT INTO lesson_schedules (id, lesson_id, instructor_id, start_time, end_time, status) VALUES
-- 2月第1週
('990e8400-e29b-41d4-a716-446655440001', '660e8400-e29b-41d4-a716-446655440000', '770e8400-e29b-41d4-a716-446655440001', '2024-02-01 10:00:00+00', '2024-02-01 12:00:00+00', 'closed'),
('990e8400-e29b-41d4-a716-446655440002', '660e8400-e29b-41d4-a716-446655440001', '770e8400-e29b-41d4-a716-446655440002', '2024-02-01 13:00:00+00', '2024-02-01 15:00:00+00', 'closed'),
('990e8400-e29b-41d4-a716-446655440003', '660e8400-e29b-41d4-a716-446655440002', '770e8400-e29b-41d4-a716-446655440021', '2024-02-02 10:00:00+00', '2024-02-02 12:00:00+00', 'closed'),
('990e8400-e29b-41d4-a716-446655440004', '660e8400-e29b-41d4-a716-446655440003', '770e8400-e29b-41d4-a716-446655440022', '2024-02-02 13:00:00+00', '2024-02-02 15:00:00+00', 'closed'),
('990e8400-e29b-41d4-a716-446655440005', '660e8400-e29b-41d4-a716-446655440004', '770e8400-e29b-41d4-a716-446655440001', '2024-02-03 10:00:00+00', '2024-02-03 12:00:00+00', 'closed'),
('990e8400-e29b-41d4-a716-446655440006', '660e8400-e29b-41d4-a716-446655440005', '770e8400-e29b-41d4-a716-446655440002', '2024-02-03 13:00:00+00', '2024-02-03 16:00:00+00', 'closed'),
-- 2月第2週
('990e8400-e29b-41d4-a716-446655440007', '660e8400-e29b-41d4-a716-446655440000', '770e8400-e29b-41d4-a716-446655440021', '2024-02-08 10:00:00+00', '2024-02-08 12:00:00+00', 'closed'),
('990e8400-e29b-41d4-a716-446655440008', '660e8400-e29b-41d4-a716-446655440001', '770e8400-e29b-41d4-a716-446655440022', '2024-02-08 13:00:00+00', '2024-02-08 15:00:00+00', 'closed'),
('990e8400-e29b-41d4-a716-446655440009', '660e8400-e29b-41d4-a716-446655440002', '770e8400-e29b-41d4-a716-446655440001', '2024-02-09 10:00:00+00', '2024-02-09 12:00:00+00', 'closed'),
('990e8400-e29b-41d4-a716-446655440010', '660e8400-e29b-41d4-a716-446655440003', '770e8400-e29b-41d4-a716-446655440002', '2024-02-09 13:00:00+00', '2024-02-09 15:00:00+00', 'closed'),
-- 2月第3週（現在）
('990e8400-e29b-41d4-a716-446655440011', '660e8400-e29b-41d4-a716-446655440000', '770e8400-e29b-41d4-a716-446655440001', '2024-02-15 10:00:00+00', '2024-02-15 12:00:00+00', 'open'),
('990e8400-e29b-41d4-a716-446655440012', '660e8400-e29b-41d4-a716-446655440001', '770e8400-e29b-41d4-a716-446655440002', '2024-02-15 13:00:00+00', '2024-02-15 15:00:00+00', 'open'),
('990e8400-e29b-41d4-a716-446655440013', '660e8400-e29b-41d4-a716-446655440002', '770e8400-e29b-41d4-a716-446655440021', '2024-02-16 10:00:00+00', '2024-02-16 12:00:00+00', 'open'),
('990e8400-e29b-41d4-a716-446655440014', '660e8400-e29b-41d4-a716-446655440003', '770e8400-e29b-41d4-a716-446655440022', '2024-02-16 13:00:00+00', '2024-02-16 15:00:00+00', 'open'),
('990e8400-e29b-41d4-a716-446655440015', '660e8400-e29b-41d4-a716-446655440004', '770e8400-e29b-41d4-a716-446655440001', '2024-02-17 10:00:00+00', '2024-02-17 12:00:00+00', 'open'),
('990e8400-e29b-41d4-a716-446655440016', '660e8400-e29b-41d4-a716-446655440005', '770e8400-e29b-41d4-a716-446655440002', '2024-02-17 13:00:00+00', '2024-02-17 16:00:00+00', 'open'),
-- 2月第4週
('990e8400-e29b-41d4-a716-446655440017', '660e8400-e29b-41d4-a716-446655440000', '770e8400-e29b-41d4-a716-446655440021', '2024-02-22 10:00:00+00', '2024-02-22 12:00:00+00', 'open'),
('990e8400-e29b-41d4-a716-446655440018', '660e8400-e29b-41d4-a716-446655440001', '770e8400-e29b-41d4-a716-446655440022', '2024-02-22 13:00:00+00', '2024-02-22 15:00:00+00', 'open'),
('990e8400-e29b-41d4-a716-446655440019', '660e8400-e29b-41d4-a716-446655440002', '770e8400-e29b-41d4-a716-446655440001', '2024-02-23 10:00:00+00', '2024-02-23 12:00:00+00', 'open'),
('990e8400-e29b-41d4-a716-446655440020', '660e8400-e29b-41d4-a716-446655440003', '770e8400-e29b-41d4-a716-446655440002', '2024-02-23 13:00:00+00', '2024-02-23 15:00:00+00', 'open');

-- Import reservations
INSERT INTO reservations (id, schedule_id, user_id, reservation_number, status, instructor_comment) VALUES
-- 2月第1週（完了）
('aa0e8400-e29b-41d4-a716-446655440001', '990e8400-e29b-41d4-a716-446655440001', '770e8400-e29b-41d4-a716-446655440003', '202402-0001', '受講済', 'ターンの切り替えがスムーズになってきました。基本姿勢も安定してきており、次回はより難しい斜面にチャレンジしてみましょう。'),
('aa0e8400-e29b-41d4-a716-446655440002', '990e8400-e29b-41d4-a716-446655440001', '770e8400-e29b-41d4-a716-446655440004', '202402-0002', '受講済', '基本姿勢が安定してきました。ストックワークも上手くなってきており、滑りに余裕が出てきています。'),
('aa0e8400-e29b-41d4-a716-446655440003', '990e8400-e29b-41d4-a716-446655440002', '770e8400-e29b-41d4-a716-446655440005', '202402-0003', '受講済', 'パラレルターンの基礎が身についてきました。次回は、より小回りのターンを練習していきましょう。'),
('aa0e8400-e29b-41d4-a716-446655440004', '990e8400-e29b-41d4-a716-446655440003', '770e8400-e29b-41d4-a716-446655440006', '202402-0004', '受講済', 'カービングの感覚が掴めてきました。エッジの使い方が上手くなり、スピードコントロールも安定してきています。'),
-- 2月第2週（完了）
('aa0e8400-e29b-41d4-a716-446655440005', '990e8400-e29b-41d4-a716-446655440007', '770e8400-e29b-41d4-a716-446655440007', '202402-0005', '受講済', '初歩的なターンができるようになりました。まだ不安定な部分はありますが、基本的な動きは身についてきています。'),
('aa0e8400-e29b-41d4-a716-446655440006', '990e8400-e29b-41d4-a716-446655440007', '770e8400-e29b-41d4-a716-446655440008', '202402-0006', '受講済', '安定した滑りができるようになってきました。特に、重心移動がスムーズになり、ターンの切り替えが上手くなっています。'),
('aa0e8400-e29b-41d4-a716-446655440007', '990e8400-e29b-41d4-a716-446655440008', '770e8400-e29b-41d4-a716-446655440009', '202402-0007', 'キャンセル', NULL),
('aa0e8400-e29b-41d4-a716-446655440008', '990e8400-e29b-41d4-a716-446655440009', '770e8400-e29b-41d4-a716-446655440010', '202402-0008', '受講済', 'スピードコントロールが上手くなってきました。特に急斜面での安定感が増しており、自信を持って滑れるようになっています。'),
-- 2月第3週（現在）
('aa0e8400-e29b-41d4-a716-446655440009', '990e8400-e29b-41d4-a716-446655440011', '770e8400-e29b-41d4-a716-446655440003', '202402-0009', '申し込み承認', NULL),
('aa0e8400-e29b-41d4-a716-446655440010', '990e8400-e29b-41d4-a716-446655440011', '770e8400-e29b-41d4-a716-446655440004', '202402-0010', '申し込み承認', NULL),
('aa0e8400-e29b-41d4-a716-446655440011', '990e8400-e29b-41d4-a716-446655440012', '770e8400-e29b-41d4-a716-446655440005', '202402-0011', '申し込み承認', NULL),
('aa0e8400-e29b-41d4-a716-446655440012', '990e8400-e29b-41d4-a716-446655440013', '770e8400-e29b-41d4-a716-446655440006', '202402-0012', '申し込み承認', NULL),
('aa0e8400-e29b-41d4-a716-446655440013', '990e8400-e29b-41d4-a716-446655440014', '770e8400-e29b-41d4-a716-446655440007', '202402-0013', '申し込み承認', NULL),
('aa0e8400-e29b-41d4-a716-446655440014', '990e8400-e29b-41d4-a716-446655440015', '770e8400-e29b-41d4-a716-446655440008', '202402-0014', '申し込み承認', NULL),
-- 2月第4週（予約受付中）
('aa0e8400-e29b-41d4-a716-446655440015', '990e8400-e29b-41d4-a716-446655440017', '770e8400-e29b-41d4-a716-446655440009', '202402-0015', '申し込み', NULL),
('aa0e8400-e29b-41d4-a716-446655440016', '990e8400-e29b-41d4-a716-446655440018', '770e8400-e29b-41d4-a716-446655440010', '202402-0016', '申し込み', NULL);

-- Import lesson schedules (3月の予定)
INSERT INTO lesson_schedules (id, lesson_id, instructor_id, start_time, end_time, status) VALUES
-- 3月第1週
('990e8400-e29b-41d4-a716-446655440021', '660e8400-e29b-41d4-a716-446655440000', '770e8400-e29b-41d4-a716-446655440001', '2024-03-01 10:00:00+00', '2024-03-01 12:00:00+00', 'open'),
('990e8400-e29b-41d4-a716-446655440022', '660e8400-e29b-41d4-a716-446655440001', '770e8400-e29b-41d4-a716-446655440002', '2024-03-01 13:00:00+00', '2024-03-01 15:00:00+00', 'open'),
('990e8400-e29b-41d4-a716-446655440023', '660e8400-e29b-41d4-a716-446655440002', '770e8400-e29b-41d4-a716-446655440021', '2024-03-02 10:00:00+00', '2024-03-02 12:00:00+00', 'open'),
('990e8400-e29b-41d4-a716-446655440024', '660e8400-e29b-41d4-a716-446655440003', '770e8400-e29b-41d4-a716-446655440022', '2024-03-02 13:00:00+00', '2024-03-02 15:00:00+00', 'open'),
('990e8400-e29b-41d4-a716-446655440025', '660e8400-e29b-41d4-a716-446655440004', '770e8400-e29b-41d4-a716-446655440001', '2024-03-03 10:00:00+00', '2024-03-03 12:00:00+00', 'open'),
('990e8400-e29b-41d4-a716-446655440026', '660e8400-e29b-41d4-a716-446655440005', '770e8400-e29b-41d4-a716-446655440002', '2024-03-03 13:00:00+00', '2024-03-03 16:00:00+00', 'open'),
-- 3月第2週
('990e8400-e29b-41d4-a716-446655440027', '660e8400-e29b-41d4-a716-446655440000', '770e8400-e29b-41d4-a716-446655440021', '2024-03-07 10:00:00+00', '2024-03-07 12:00:00+00', 'open'),
('990e8400-e29b-41d4-a716-446655440028', '660e8400-e29b-41d4-a716-446655440001', '770e8400-e29b-41d4-a716-446655440022', '2024-03-07 13:00:00+00', '2024-03-07 15:00:00+00', 'open'),
('990e8400-e29b-41d4-a716-446655440029', '660e8400-e29b-41d4-a716-446655440002', '770e8400-e29b-41d4-a716-446655440001', '2024-03-08 10:00:00+00', '2024-03-08 12:00:00+00', 'open'),
('990e8400-e29b-41d4-a716-446655440030', '660e8400-e29b-41d4-a716-446655440003', '770e8400-e29b-41d4-a716-446655440002', '2024-03-08 13:00:00+00', '2024-03-08 15:00:00+00', 'open'),
('990e8400-e29b-41d4-a716-446655440031', '660e8400-e29b-41d4-a716-446655440004', '770e8400-e29b-41d4-a716-446655440021', '2024-03-09 10:00:00+00', '2024-03-09 12:00:00+00', 'open'),
('990e8400-e29b-41d4-a716-446655440032', '660e8400-e29b-41d4-a716-446655440005', '770e8400-e29b-41d4-a716-446655440022', '2024-03-09 13:00:00+00', '2024-03-09 16:00:00+00', 'open'),
-- 3月第3週
('990e8400-e29b-41d4-a716-446655440033', '660e8400-e29b-41d4-a716-446655440000', '770e8400-e29b-41d4-a716-446655440001', '2024-03-14 10:00:00+00', '2024-03-14 12:00:00+00', 'open'),
('990e8400-e29b-41d4-a716-446655440034', '660e8400-e29b-41d4-a716-446655440001', '770e8400-e29b-41d4-a716-446655440002', '2024-03-14 13:00:00+00', '2024-03-14 15:00:00+00', 'open'),
('990e8400-e29b-41d4-a716-446655440035', '660e8400-e29b-41d4-a716-446655440002', '770e8400-e29b-41d4-a716-446655440021', '2024-03-15 10:00:00+00', '2024-03-15 12:00:00+00', 'open'),
('990e8400-e29b-41d4-a716-446655440036', '660e8400-e29b-41d4-a716-446655440003', '770e8400-e29b-41d4-a716-446655440022', '2024-03-15 13:00:00+00', '2024-03-15 15:00:00+00', 'open'),
('990e8400-e29b-41d4-a716-446655440037', '660e8400-e29b-41d4-a716-446655440004', '770e8400-e29b-41d4-a716-446655440001', '2024-03-16 10:00:00+00', '2024-03-16 12:00:00+00', 'open'),
('990e8400-e29b-41d4-a716-446655440038', '660e8400-e29b-41d4-a716-446655440005', '770e8400-e29b-41d4-a716-446655440002', '2024-03-16 13:00:00+00', '2024-03-16 16:00:00+00', 'open'),
-- 3月第4週
('990e8400-e29b-41d4-a716-446655440039', '660e8400-e29b-41d4-a716-446655440000', '770e8400-e29b-41d4-a716-446655440021', '2024-03-21 10:00:00+00', '2024-03-21 12:00:00+00', 'open'),
('990e8400-e29b-41d4-a716-446655440040', '660e8400-e29b-41d4-a716-446655440001', '770e8400-e29b-41d4-a716-446655440022', '2024-03-21 13:00:00+00', '2024-03-21 15:00:00+00', 'open'),
('990e8400-e29b-41d4-a716-446655440041', '660e8400-e29b-41d4-a716-446655440002', '770e8400-e29b-41d4-a716-446655440001', '2024-03-22 10:00:00+00', '2024-03-22 12:00:00+00', 'open'),
('990e8400-e29b-41d4-a716-446655440042', '660e8400-e29b-41d4-a716-446655440003', '770e8400-e29b-41d4-a716-446655440002', '2024-03-22 13:00:00+00', '2024-03-22 15:00:00+00', 'open'),
('990e8400-e29b-41d4-a716-446655440043', '660e8400-e29b-41d4-a716-446655440004', '770e8400-e29b-41d4-a716-446655440021', '2024-03-23 10:00:00+00', '2024-03-23 12:00:00+00', 'open'),
('990e8400-e29b-41d4-a716-446655440044', '660e8400-e29b-41d4-a716-446655440005', '770e8400-e29b-41d4-a716-446655440022', '2024-03-23 13:00:00+00', '2024-03-23 16:00:00+00', 'open');

-- Import reservations
INSERT INTO reservations (id, schedule_id, user_id, reservation_number, status, instructor_comment) VALUES
-- 3月第1週の予約
('aa0e8400-e29b-41d4-a716-446655440017', '990e8400-e29b-41d4-a716-446655440021', '770e8400-e29b-41d4-a716-446655440003', '202403-0001', '申し込み', NULL),
('aa0e8400-e29b-41d4-a716-446655440018', '990e8400-e29b-41d4-a716-446655440021', '770e8400-e29b-41d4-a716-446655440004', '202403-0002', '申し込み', NULL),
('aa0e8400-e29b-41d4-a716-446655440019', '990e8400-e29b-41d4-a716-446655440022', '770e8400-e29b-41d4-a716-446655440005', '202403-0003', '申し込み', NULL),
('aa0e8400-e29b-41d4-a716-446655440020', '990e8400-e29b-41d4-a716-446655440023', '770e8400-e29b-41d4-a716-446655440006', '202403-0004', '申し込み', NULL),
('aa0e8400-e29b-41d4-a716-446655440021', '990e8400-e29b-41d4-a716-446655440024', '770e8400-e29b-41d4-a716-446655440007', '202403-0005', '申し込み', NULL),
-- 3月第2週の予約
('aa0e8400-e29b-41d4-a716-446655440022', '990e8400-e29b-41d4-a716-446655440027', '770e8400-e29b-41d4-a716-446655440008', '202403-0006', '申し込み', NULL),
('aa0e8400-e29b-41d4-a716-446655440023', '990e8400-e29b-41d4-a716-446655440028', '770e8400-e29b-41d4-a716-446655440009', '202403-0007', '申し込み', NULL),
('aa0e8400-e29b-41d4-a716-446655440024', '990e8400-e29b-41d4-a716-446655440029', '770e8400-e29b-41d4-a716-446655440010', '202403-0008', '申し込み', NULL),
('aa0e8400-e29b-41d4-a716-446655440025', '990e8400-e29b-41d4-a716-446655440030', '770e8400-e29b-41d4-a716-446655440003', '202403-0009', '申し込み', NULL),
('aa0e8400-e29b-41d4-a716-446655440026', '990e8400-e29b-41d4-a716-446655440031', '770e8400-e29b-41d4-a716-446655440004', '202403-0010', '申し込み', NULL);

-- Import instructor schedules (2月の予定)
INSERT INTO instructor_schedules (id, instructor_id, date, start_time, end_time) VALUES
-- 2月第1週
('cc0e8400-e29b-41d4-a716-446655440001', '770e8400-e29b-41d4-a716-446655440001', '2024-02-01', '09:00', '17:00'),
('cc0e8400-e29b-41d4-a716-446655440002', '770e8400-e29b-41d4-a716-446655440002', '2024-02-01', '09:00', '17:00'),
('cc0e8400-e29b-41d4-a716-446655440003', '770e8400-e29b-41d4-a716-446655440021', '2024-02-02', '09:00', '17:00'),
('cc0e8400-e29b-41d4-a716-446655440004', '770e8400-e29b-41d4-a716-446655440022', '2024-02-02', '09:00', '17:00'),
('cc0e8400-e29b-41d4-a716-446655440005', '770e8400-e29b-41d4-a716-446655440001', '2024-02-03', '09:00', '17:00'),
('cc0e8400-e29b-41d4-a716-446655440006', '770e8400-e29b-41d4-a716-446655440002', '2024-02-03', '09:00', '17:00'),
-- 2月第2週
('cc0e8400-e29b-41d4-a716-446655440007', '770e8400-e29b-41d4-a716-446655440021', '2024-02-08', '09:00', '17:00'),
('cc0e8400-e29b-41d4-a716-446655440008', '770e8400-e29b-41d4-a716-446655440022', '2024-02-08', '09:00', '17:00'),
('cc0e8400-e29b-41d4-a716-446655440009', '770e8400-e29b-41d4-a716-446655440001', '2024-02-09', '09:00', '17:00'),
('cc0e8400-e29b-41d4-a716-446655440010', '770e8400-e29b-41d4-a716-446655440002', '2024-02-09', '09:00', '17:00'),
-- 2月第3週（現在）
('cc0e8400-e29b-41d4-a716-446655440011', '770e8400-e29b-41d4-a716-446655440001', '2024-02-15', '09:00', '17:00'),
('cc0e8400-e29b-41d4-a716-446655440012', '770e8400-e29b-41d4-a716-446655440002', '2024-02-15', '09:00', '17:00'),
('cc0e8400-e29b-41d4-a716-446655440013', '770e8400-e29b-41d4-a716-446655440021', '2024-02-16', '09:00', '17:00'),
('cc0e8400-e29b-41d4-a716-446655440014', '770e8400-e29b-41d4-a716-446655440022', '2024-02-16', '09:00', '17:00'),
('cc0e8400-e29b-41d4-a716-446655440015', '770e8400-e29b-41d4-a716-446655440001', '2024-02-17', '09:00', '17:00'),
('cc0e8400-e29b-41d4-a716-446655440016', '770e8400-e29b-41d4-a716-446655440002', '2024-02-17', '09:00', '17:00'),
-- 2月第4週
('cc0e8400-e29b-41d4-a716-446655440017', '770e8400-e29b-41d4-a716-446655440021', '2024-02-22', '09:00', '17:00'),
('cc0e8400-e29b-41d4-a716-446655440018', '770e8400-e29b-41d4-a716-446655440022', '2024-02-22', '09:00', '17:00'),
('cc0e8400-e29b-41d4-a716-446655440019', '770e8400-e29b-41d4-a716-446655440001', '2024-02-23', '09:00', '17:00'),
('cc0e8400-e29b-41d4-a716-446655440020', '770e8400-e29b-41d4-a716-446655440002', '2024-02-23', '09:00', '17:00');

-- Import instructor schedules (3月の予定)
INSERT INTO instructor_schedules (id, instructor_id, date, start_time, end_time) VALUES
-- 3月第1週
('cc0e8400-e29b-41d4-a716-446655440021', '770e8400-e29b-41d4-a716-446655440001', '2024-03-01', '09:00', '17:00'),
('cc0e8400-e29b-41d4-a716-446655440022', '770e8400-e29b-41d4-a716-446655440002', '2024-03-01', '09:00', '17:00'),
('cc0e8400-e29b-41d4-a716-446655440023', '770e8400-e29b-41d4-a716-446655440021', '2024-03-02', '09:00', '17:00'),
('cc0e8400-e29b-41d4-a716-446655440024', '770e8400-e29b-41d4-a716-446655440022', '2024-03-02', '09:00', '17:00'),
('cc0e8400-e29b-41d4-a716-446655440025', '770e8400-e29b-41d4-a716-446655440001', '2024-03-03', '09:00', '17:00'),
('cc0e8400-e29b-41d4-a716-446655440026', '770e8400-e29b-41d4-a716-446655440002', '2024-03-03', '09:00', '17:00'),
-- 3月第2週
('cc0e8400-e29b-41d4-a716-446655440027', '770e8400-e29b-41d4-a716-446655440021', '2024-03-07', '09:00', '17:00'),
('cc0e8400-e29b-41d4-a716-446655440028', '770e8400-e29b-41d4-a716-446655440022', '2024-03-07', '09:00', '17:00'),
('cc0e8400-e29b-41d4-a716-446655440029', '770e8400-e29b-41d4-a716-446655440001', '2024-03-08', '09:00', '17:00'),
('cc0e8400-e29b-41d4-a716-446655440030', '770e8400-e29b-41d4-a716-446655440002', '2024-03-08', '09:00', '17:00'),
('cc0e8400-e29b-41d4-a716-446655440031', '770e8400-e29b-41d4-a716-446655440021', '2024-03-09', '09:00', '17:00'),
('cc0e8400-e29b-41d4-a716-446655440032', '770e8400-e29b-41d4-a716-446655440022', '2024-03-09', '09:00', '17:00'),
-- 3月第3週
('cc0e8400-e29b-41d4-a716-446655440033', '770e8400-e29b-41d4-a716-446655440001', '2024-03-14', '09:00', '17:00'),
('cc0e8400-e29b-41d4-a716-446655440034', '770e8400-e29b-41d4-a716-446655440002', '2024-03-14', '09:00', '17:00'),
('cc0e8400-e29b-41d4-a716-446655440035', '770e8400-e29b-41d4-a716-446655440021', '2024-03-15', '09:00', '17:00'),
('cc0e8400-e29b-41d4-a716-446655440036', '770e8400-e29b-41d4-a716-446655440022', '2024-03-15', '09:00', '17:00'),
('cc0e8400-e29b-41d4-a716-446655440037', '770e8400-e29b-41d4-a716-446655440001', '2024-03-16', '09:00', '17:00'),
('cc0e8400-e29b-41d4-a716-446655440038', '770e8400-e29b-41d4-a716-446655440002', '2024-03-16', '09:00', '17:00'),
-- 3月第4週
('cc0e8400-e29b-41d4-a716-446655440039', '770e8400-e29b-41d4-a716-446655440021', '2024-03-21', '09:00', '17:00'),
('cc0e8400-e29b-41d4-a716-446655440040', '770e8400-e29b-41d4-a716-446655440022', '2024-03-21', '09:00', '17:00'),
('cc0e8400-e29b-41d4-a716-446655440041', '770e8400-e29b-41d4-a716-446655440001', '2024-03-22', '09:00', '17:00'),
('cc0e8400-e29b-41d4-a716-446655440042', '770e8400-e29b-41d4-a716-446655440002', '2024-03-22', '09:00', '17:00'),
('cc0e8400-e29b-41d4-a716-446655440043', '770e8400-e29b-41d4-a716-446655440021', '2024-03-23', '09:00', '17:00'),
('cc0e8400-e29b-41d4-a716-446655440044', '770e8400-e29b-41d4-a716-446655440022', '2024-03-23', '09:00', '17:00');

-- Commit transaction
COMMIT; 