-- Seed lesson_levels table
INSERT INTO lesson_levels (id, name, description) VALUES
('550e8400-e29b-41d4-a716-446655440000', 'Beginner', 'First time skiers'),
('550e8400-e29b-41d4-a716-446655440001', 'Intermediate', 'Can control speed and direction'),
('550e8400-e29b-41d4-a716-446655440002', 'Advanced', 'Comfortable on all slopes');

-- Seed lessons table
INSERT INTO lessons (id, level_id, name, description, duration, max_participants) VALUES
('660e8400-e29b-41d4-a716-446655440000', '550e8400-e29b-41d4-a716-446655440000', 'First Time Skiing', 'Learn the basics of skiing', 120, 4),
('660e8400-e29b-41d4-a716-446655440001', '550e8400-e29b-41d4-a716-446655440000', 'Snow Plow', 'Master the snow plow technique', 120, 4),
('660e8400-e29b-41d4-a716-446655440002', '550e8400-e29b-41d4-a716-446655440001', 'Parallel Turns', 'Learn parallel turning', 120, 4),
('660e8400-e29b-41d4-a716-446655440003', '550e8400-e29b-41d4-a716-446655440001', 'Carving', 'Introduction to carving', 120, 4),
('660e8400-e29b-41d4-a716-446655440004', '550e8400-e29b-41d4-a716-446655440002', 'Off-Piste', 'Off-piste skiing techniques', 120, 4),
('660e8400-e29b-41d4-a716-446655440005', '550e8400-e29b-41d4-a716-446655440002', 'Race Training', 'Race course training', 180, 4);

-- Seed lesson_schedules table
INSERT INTO lesson_schedules (id, lesson_id, instructor_id, start_time, end_time, status) VALUES
('990e8400-e29b-41d4-a716-446655440000', '660e8400-e29b-41d4-a716-446655440000', '770e8400-e29b-41d4-a716-446655440001', '2024-02-01 10:00:00+00', '2024-02-01 12:00:00+00', 'open'),
('990e8400-e29b-41d4-a716-446655440001', '660e8400-e29b-41d4-a716-446655440001', '770e8400-e29b-41d4-a716-446655440001', '2024-02-01 13:00:00+00', '2024-02-01 15:00:00+00', 'open'),
('990e8400-e29b-41d4-a716-446655440002', '660e8400-e29b-41d4-a716-446655440002', '770e8400-e29b-41d4-a716-446655440002', '2024-02-02 10:00:00+00', '2024-02-02 12:00:00+00', 'open'),
('990e8400-e29b-41d4-a716-446655440003', '660e8400-e29b-41d4-a716-446655440003', '770e8400-e29b-41d4-a716-446655440002', '2024-02-02 13:00:00+00', '2024-02-02 15:00:00+00', 'open'),
('990e8400-e29b-41d4-a716-446655440004', '660e8400-e29b-41d4-a716-446655440004', '770e8400-e29b-41d4-a716-446655440001', '2024-02-03 10:00:00+00', '2024-02-03 12:00:00+00', 'open'),
('990e8400-e29b-41d4-a716-446655440005', '660e8400-e29b-41d4-a716-446655440005', '770e8400-e29b-41d4-a716-446655440002', '2024-02-03 13:00:00+00', '2024-02-03 16:00:00+00', 'open');

-- Seed reservations table
INSERT INTO reservations (id, schedule_id, user_id, status) VALUES
('aa0e8400-e29b-41d4-a716-446655440000', '990e8400-e29b-41d4-a716-446655440000', '770e8400-e29b-41d4-a716-446655440003', 'confirmed'),
('aa0e8400-e29b-41d4-a716-446655440001', '990e8400-e29b-41d4-a716-446655440000', '770e8400-e29b-41d4-a716-446655440004', 'confirmed'),
('aa0e8400-e29b-41d4-a716-446655440002', '990e8400-e29b-41d4-a716-446655440001', '770e8400-e29b-41d4-a716-446655440003', 'confirmed'),
('aa0e8400-e29b-41d4-a716-446655440003', '990e8400-e29b-41d4-a716-446655440002', '770e8400-e29b-41d4-a716-446655440004', 'confirmed'),
('aa0e8400-e29b-41d4-a716-446655440004', '990e8400-e29b-41d4-a716-446655440003', '770e8400-e29b-41d4-a716-446655440005', 'confirmed'),
('aa0e8400-e29b-41d4-a716-446655440005', '990e8400-e29b-41d4-a716-446655440004', '770e8400-e29b-41d4-a716-446655440005', 'confirmed'),
('aa0e8400-e29b-41d4-a716-446655440006', '990e8400-e29b-41d4-a716-446655440005', '770e8400-e29b-41d4-a716-446655440003', 'confirmed'),
('aa0e8400-e29b-41d4-a716-446655440007', '990e8400-e29b-41d4-a716-446655440005', '770e8400-e29b-41d4-a716-446655440004', 'confirmed'); 
